entity1,entity2
rock band 3,nintendo ds
euro truck simulator 2,microsoft windows
top gear 3000,super nes
another game with the same title,sega genesis
max payne,ios
hans dirk de vries reilingh,geographer
luisa accati,historian
august wilson,playwright
didier deschamps,manager
marcus reeves,songwriter
larry hochman,best orchestrations
avalon,best costumes
spotlight,best director
gyula trebitsch,academy award for best foreign language film
emmanuelle riva,best actress
rgv500,suzuki
celebrity silhouette,meyer werft
"hms ""constance""",pembroke dockyard
holt gas electric tank,holt manufacturing company
empire orwell,blohm & voss
the altar,humboldt mountains
phuket chain,tenasserim range
maschberg,wiehen hills
galyatető,mátra
anti atlas,atlas mountains
salvator léonardi,mandolin
curtis lundy,double bass
susanne alt,saxophone
george lewis,trombone
todd stoll,trumpet
ronkonkoma branch,long island rail road (lirr)
ctvglobemedia,thomson family
deep silver,koch media
3500 south max,uta
free radical design,crytek
salchak toka,communist party of the soviet union
angelino alfano,new centre-right
wojciech wierzejski,league of polish families
menzies,liberal
ignazio marino,democratic party
pittsburgh international airport,"pittsburgh, pa"
la nubia airport,manizales
murtala muhammed international airport,ikeja
buon ma thuot airport,buôn ma thuột
tan son nhat airport,ho chi minh city
third edition,inter-cities fairs cup
1998,wnbl
1902,mlb
2011-12,ofc champions league
2013,afc cup
mackmyra whisky,swedish
chicks on speed,munich
blossoms,stockport
cooperative baptist fellowship,"atlanta, georgia"
kroda,dnipropetrovsk
ruhr,duisburg
tynwald,legislative council
berlin s-bahn,s46
the vaudevillains,aiden english
mapping,mathematical function
eric lively,blake
malcolm,donalbain
king stephen of england,henry of blois
ragnhild,astrid
randy,marlon
mercedes-benz museum,stuttgart
xl center,"hartford, connecticut"
masters tournament,augusta national golf club
yosemite firefall,yosemite national park
1920 pga championship,flossmoor country club
wilhelm leber,new apostolic church
edward teller,jewish
henrietta szold,jewish
vazgen i,armenian apostolic church
charles kingsley,church of england
seimare,karkhen river
little pee dee river,great pee dee river
neckar,rhine
eyach,neckar
gregório river,juruá river
congress of state,san marino
governor,vermont
house,georgia
burgomaster,belgian
government,ceylon
erlangen-höchstadt,district
gcc,compiler
mystique,mutant
ophiuchus,constellation
renderware,game engine
tigo,mic tanzania limited
liberty global,upc romania
honda motors,american honda motor company
united states department of agriculture,agricultural marketing service
san diego community college district,miramar college
idukki district,kerala
clay,west virginia
kahak district,qom county
mission bay,san francisco
reno,"washoe county, nevada"
rock band 3,nintendo ds
rock band 3,nintendo ds
rock band 3,nintendo ds
rock band 3,nintendo ds
euro truck simulator 2,microsoft windows
euro truck simulator 2,microsoft windows
top gear 3000,super nes
top gear 3000,super nes
top gear 3000,super nes
another game with the same title,sega genesis
another game with the same title,sega genesis
max payne,ios
max payne,ios
max payne,ios
didier deschamps,manager
didier deschamps,manager
larry hochman,best orchestrations
larry hochman,best orchestrations
avalon,best costumes
avalon,best costumes
spotlight,best director
spotlight,best director
gyula trebitsch,academy award for best foreign language film
gyula trebitsch,academy award for best foreign language film
emmanuelle riva,best actress
emmanuelle riva,best actress
emmanuelle riva,best actress
rgv500,suzuki
rgv500,suzuki
rgv500,suzuki
celebrity silhouette,meyer werft
celebrity silhouette,meyer werft
"hms ""constance""",pembroke dockyard
"hms ""constance""",pembroke dockyard
holt gas electric tank,holt manufacturing company
holt gas electric tank,holt manufacturing company
empire orwell,blohm & voss
empire orwell,blohm & voss
empire orwell,blohm & voss
the altar,humboldt mountains
the altar,humboldt mountains
the altar,humboldt mountains
the altar,humboldt mountains
phuket chain,tenasserim range
phuket chain,tenasserim range
maschberg,wiehen hills
maschberg,wiehen hills
galyatető,mátra
galyatető,mátra
galyatető,mátra
anti atlas,atlas mountains
anti atlas,atlas mountains
salvator léonardi,mandolin
salvator léonardi,mandolin
curtis lundy,double bass
curtis lundy,double bass
susanne alt,saxophone
susanne alt,saxophone
george lewis,trombone
george lewis,trombone
todd stoll,trumpet
todd stoll,trumpet
ctvglobemedia,thomson family
ctvglobemedia,thomson family
wojciech wierzejski,league of polish families
wojciech wierzejski,league of polish families
pittsburgh international airport,"pittsburgh, pa"
pittsburgh international airport,"pittsburgh, pa"
la nubia airport,manizales
la nubia airport,manizales
murtala muhammed international airport,ikeja
murtala muhammed international airport,ikeja
murtala muhammed international airport,ikeja
buon ma thuot airport,buôn ma thuột
buon ma thuot airport,buôn ma thuột
tan son nhat airport,ho chi minh city
tan son nhat airport,ho chi minh city
1998,wnbl
1998,wnbl
1902,mlb
1902,mlb
2011-12,ofc champions league
2011-12,ofc champions league
mackmyra whisky,swedish
mackmyra whisky,swedish
chicks on speed,munich
chicks on speed,munich
blossoms,stockport
blossoms,stockport
cooperative baptist fellowship,"atlanta, georgia"
cooperative baptist fellowship,"atlanta, georgia"
kroda,dnipropetrovsk
kroda,dnipropetrovsk
mercedes-benz museum,stuttgart
mercedes-benz museum,stuttgart
mercedes-benz museum,stuttgart
mercedes-benz museum,stuttgart
wilhelm leber,new apostolic church
wilhelm leber,new apostolic church
edward teller,jewish
edward teller,jewish
henrietta szold,jewish
henrietta szold,jewish
henrietta szold,jewish
henrietta szold,jewish
henrietta szold,jewish
vazgen i,armenian apostolic church
vazgen i,armenian apostolic church
charles kingsley,church of england
charles kingsley,church of england
charles kingsley,church of england
seimare,karkhen river
seimare,karkhen river
eyach,neckar
eyach,neckar
gregório river,juruá river
gregório river,juruá river
congress of state,san marino
congress of state,san marino
congress of state,san marino
house,georgia
house,georgia
house,georgia
burgomaster,belgian
burgomaster,belgian
burgomaster,belgian
burgomaster,belgian
government,ceylon
government,ceylon
government,ceylon
government,ceylon
tigo,mic tanzania limited
tigo,mic tanzania limited
liberty global,upc romania
liberty global,upc romania
rock band 3,nintendo ds
rock band 3,nintendo ds
rock band 3,nintendo ds
rock band 3,nintendo ds
euro truck simulator 2,microsoft windows
euro truck simulator 2,microsoft windows
euro truck simulator 2,microsoft windows
top gear 3000,super nes
top gear 3000,super nes
top gear 3000,super nes
another game with the same title,sega genesis
another game with the same title,sega genesis
max payne,ios
max payne,ios
max payne,ios
max payne,ios
maxpayne,ios
didier deschamps,manager
didier deschamps,manager
larry hochman,best orchestrations
larry hochman,best orchestrations
avalon,best costumes
avalon,best costumes
spotlight,best director
spotlight,best director
gyula trebitsch,academy award for best foreign language film
gyula trebitsch,academy award for best foreign language film
emmanuelle riva,best actress
emmanuelle riva,best actress
emmanuelle riva,best actress
rgv500,suzuki
rgv500,suzuki
rgv500,suzuki
celebrity silhouette,meyer werft
celebrity silhouette,meyer werft
"hms ""constance""",pembroke dockyard
"hms ""constance""",pembroke dockyard
holt gas electric tank,holt manufacturing company
holt gas electric tank,holt manufacturing company
empire orwell,blohm & voss
empire orwell,blohm & voss
empire orwell,blohm & voss
the altar,humboldt mountains
the altar,humboldt mountains
the altar,humboldt mountains
the altar,humboldt mountains
phuket chain,tenasserim range
phuket chain,tenasserim range
maschberg,wiehen hills
maschberg,wiehen hills
galyatető,mátra
galyatető,mátra
galyatető,mátra
anti atlas,atlas mountains
anti atlas,atlas mountains
salvator léonardi,mandolin
salvator léonardi,mandolin
curtis lundy,double bass
curtis lundy,double bass
susanne alt,saxophone
susanne alt,saxophone
george lewis,trombone
george lewis,trombone
todd stoll,trumpet
todd stoll,trumpet
ctvglobemedia,thomson family
ctvglobemedia,thomson family
wojciech wierzejski,league of polish families
wojciech wierzejski,league of polish families
pittsburgh international airport,"pittsburgh, pa"
pittsburgh international airport,"pittsburgh, pa"
la nubia airport,manizales
murtala muhammed international airport,ikeja
murtala muhammed international airport,ikeja
murtala muhammed international airport,ikeja
murtala muhammed international airport,ikeja
murtala muhammed international airport,ikeja
buon ma thuot airport,buôn ma thuột
buon ma thuot airport,buôn ma thuột
tan son nhat airport,ho chi minh city
tan son nhat airport,ho chi minh city
1998,wnbl
1998,wnbl
1902,mlb
1902,mlb
2011-12,ofc champions league
2011-12,ofc champions league
mackmyra whisky,swedish
mackmyra whisky,swedish
chicks on speed,munich
chicks on speed,munich
blossoms,stockport
blossoms,stockport
blossoms,stockport
cooperative baptist fellowship,"atlanta, georgia"
cooperative baptist fellowship,"atlanta, georgia"
kroda,dnipropetrovsk
kroda,dnipropetrovsk
mercedes-benz museum,stuttgart
mercedes-benz museum,stuttgart
mercedes-benz museum,stuttgart
mercedes-benz museum,stuttgart
mercedes-benz museum,stuttgart
wilhelm leber,new apostolic church
wilhelm leber,new apostolic church
edward teller,jewish
edward teller,jewish
henrietta szold,jewish
henrietta szold,jewish
henrietta szold,jewish
henrietta szold,jewish
henrietta szold,jewish
vazgen i,armenian apostolic church
vazgen i,armenian apostolic church
charles kingsley,church of england
charles kingsley,church of england
charles kingsley,church of england
seimare,karkhen river
seimare,karkhen river
eyach,neckar
eyach,neckar
eyach,neckar
gregório river,juruá river
gregório river,juruá river
congress of state,san marino
congress of state,san marino
congress of state,san marino
house,georgia
house,georgia
house,georgia
burgomaster,belgian
burgomaster,belgian
burgomaster,belgian
burgomaster,belgian
burgomaster,belgian
government,ceylon
government,ceylon
government,ceylon
government,ceylon
tigo,mic tanzania limited
tigo,mic tanzania limited
liberty global,upc romania
liberty global,upc romania
rock band 3,nintendo ds
rock band 3,nintendo ds
rock band 3,nintendo ds
rock band 3,nintendo ds
euro truck simulator 2,microsoft windows
euro truck simulator 2,microsoft windows
euro truck simulator 2,microsoft windows
top gear 3000,super nes
top gear 3000,super nes
another game with the same title,sega genesis
another game with the same title,sega genesis
max payne,ios
max payne,ios
max payne,ios
max payne,ios
max payne,ios
didier deschamps,manager
didier deschamps,manager
larry hochman,best orchestrations
larry hochman,best orchestrations
avalon,best costumes
avalon,best costumes
spotlight,best director
spotlight,best director
gyula trebitsch,academy award for best foreign language film
gyula trebitsch,academy award for best foreign language film
emmanuelle riva,best actress
emmanuelle riva,best actress
emmanuelle riva,best actress
rgv500,suzuki
rgv500,suzuki
rgv500,suzuki
celebrity silhouette,meyer werft
celebrity silhouette,meyer werft
"hms ""constance""",pembroke dockyard
"hms ""constance""",pembroke dockyard
holt gas electric tank,holt manufacturing company
holt gas electric tank,holt manufacturing company
empire orwell,blohm & voss
empire orwell,blohm & voss
empire orwell,blohm & voss
the altar,humboldt mountains
the altar,humboldt mountains
the altar,humboldt mountains
the altar,humboldt mountains
phuket chain,tenasserim range
phuket chain,tenasserim range
maschberg,wiehen hills
maschberg,wiehen hills
galyatető,mátra
galyatető,mátra
galyatető,mátra
anti atlas,atlas mountains
anti atlas,atlas mountains
salvator léonardi,mandolin
salvator léonardi,mandolin
curtis lundy,double bass
curtis lundy,double bass
susanne alt,saxophone
susanne alt,saxophone
george lewis,trombone
george lewis,trombone
todd stoll,trumpet
todd stoll,trumpet
ctvglobemedia,thomson family
ctvglobemedia,thomson family
wojciech wierzejski,league of polish families
wojciech wierzejski,league of polish families
pittsburgh international airport,"pittsburgh, pa"
pittsburgh international airport,"pittsburgh, pa"
la nubia airport,manizales
murtala muhammed international airport,ikeja
murtala muhammed international airport,ikeja
murtala muhammed international airport,ikeja
murtala muhammed international airport,ikeja
buon ma thuot airport,buôn ma thuột
buon ma thuot airport,buôn ma thuột
tan son nhat airport,ho chi minh city
tan son nhat airport,ho chi minh city
1998,wnbl
1998,wnbl
1902,mlb
1902,mlb
2011-12,ofc champions league
2011-12,ofc champions league
mackmyra whisky,swedish
mackmyra whisky,swedish
chicks on speed,munich
chicks on speed,munich
blossoms,stockport
blossoms,stockport
blossoms,stockport
cooperative baptist fellowship,"atlanta, georgia"
cooperative baptist fellowship,"atlanta, georgia"
kroda,dnipropetrovsk
kroda,dnipropetrovsk
mercedes-benz museum,stuttgart
mercedes-benz museum,stuttgart
mercedes-benz museum,stuttgart
mercedes-benz museum,stuttgart
mercedes-benz museum,stuttgart
wilhelm leber,new apostolic church
wilhelm leber,new apostolic church
edward teller,jewish
edward teller,jewish
henrietta szold,jewish
henrietta szold,jewish
henrietta szold,jewish
henrietta szold,jewish
henrietta szold,jewish
vazgen i,armenian apostolic church
vazgen i,armenian apostolic church
charles kingsley,church of england
charles kingsley,church of england
charles kingsley,church of england
seimare,karkhen river
seimare,karkhen river
eyach,neckar
eyach,neckar
eyach,neckar
gregório river,juruá river
gregório river,juruá river
congress of state,san marino
congress of state,san marino
congress of state,san marino
house,georgia
house,georgia
house,georgia
burgomaster,belgian
burgomaster,belgian
burgomaster,belgian
burgomaster,belgian
government,ceylon
government,ceylon
government,ceylon
tigo,mic tanzania limited
tigo,mic tanzania limited
liberty global,upc romania
liberty global,upc romania
rock band 3,nintendo ds
rock band 3,nintendo ds
rock band 3,nintendo ds
rock band 3,nintendo ds
euro truck simulator 2,microsoft windows
euro truck simulator 2,microsoft windows
euro truck simulator 2,microsoft windows
top gear 3000,super nes
top gear 3000,super nes
top gear 3000,super nes
another game with the same title,sega genesis
another game with the same title,sega genesis
max payne,ios
max payne,ios
max payne,ios
max payne,ios
max payne,ios
didier deschamps,manager
didier deschamps,manager
larry hochman,best orchestrations
larry hochman,best orchestrations
avalon,best costumes
avalon,best costumes
spotlight,best director
spotlight,best director
gyula trebitsch,academy award for best foreign language film
gyula trebitsch,academy award for best foreign language film
emmanuelle riva,best actress
emmanuelle riva,best actress
emmanuelle riva,best actress
rgv500,suzuki
rgv500,suzuki
rgv500,suzuki
celebrity silhouette,meyer werft
celebrity silhouette,meyer werft
"hms ""constance""",pembroke dockyard
"hms ""constance""",pembroke dockyard
holt gas electric tank,holt manufacturing company
holt gas electric tank,holt manufacturing company
empire orwell,blohm & voss
empire orwell,blohm & voss
empire orwell,blohm & voss
the altar,humboldt mountains
the altar,humboldt mountains
the altar,humboldt mountains
the altar,humboldt mountains
phuket chain,tenasserim range
phuket chain,tenasserim range
maschberg,wiehen hills
maschberg,wiehen hills
galyatető,mátra
galyatető,mátra
galyatető,mátra
anti atlas,atlas mountains
anti atlas,atlas mountains
salvator léonardi,mandolin
salvator léonardi,mandolin
curtis lundy,double bass
curtis lundy,double bass
susanne alt,saxophone
susanne alt,saxophone
george lewis,trombone
george lewis,trombone
todd stoll,trumpet
todd stoll,trumpet
ctvglobemedia,thomson family
ctvglobemedia,thomson family
wojciech wierzejski,league of polish families
wojciech wierzejski,league of polish families
pittsburgh international airport,"pittsburgh, pa"
pittsburgh international airport,"pittsburgh, pa"
la nubia airport,manizales
murtala muhammed international airport,ikeja
murtala muhammed international airport,ikeja
murtala muhammed international airport,ikeja
murtala muhammed international airport,ikeja
murtala muhammed international airport,ikeja
buon ma thuot airport,buôn ma thuột
buon ma thuot airport,buôn ma thuột
tan son nhat airport,ho chi minh city
tan son nhat airport,ho chi minh city
1998,wnbl
1998,wnbl
1902,mlb
1902,mlb
2011-12,ofc champions league
2011-12,ofc champions league
mackmyra whisky,swedish
mackmyra whisky,swedish
chicks on speed,munich
chicks on speed,munich
blossoms,stockport
blossoms,stockport
blossoms,stockport
cooperative baptist fellowship,"atlanta, georgia"
cooperative baptist fellowship,"atlanta, georgia"
kroda,dnipropetrovsk
kroda,dnipropetrovsk
mercedes-benz museum,stuttgart
mercedes-benz museum,stuttgart
mercedes-benz museum,stuttgart
mercedes-benz museum,stuttgart
mercedes-benz museum,stuttgart
wilhelm leber,new apostolic church
wilhelm leber,new apostolic church
edward teller,jewish
edward teller,jewish
henrietta szold,jewish
henrietta szold,jewish
henrietta szold,jewish
henrietta szold,jewish
henrietta szold,jewish
vazgen i,armenian apostolic church
vazgen i,armenian apostolic church
charles kingsley,church of england
charles kingsley,church of england
charles kingsley,church of england
seimare,karkhen river
seimare,karkhen river
eyach,neckar
eyach,neckar
eyach,neckar
gregório river,juruá river
gregório river,juruá river
congress of state,san marino
congress of state,san marino
congress of state,san marino
house,georgia
house,georgia
house,georgia
burgomaster,belgian
burgomaster,belgian
burgomaster,belgian
burgomaster,belgian
burgomaster,belgian
government,ceylon
government,ceylon
government,ceylon
government,ceylon
tigo,mic tanzania limited
tigo,mic tanzania limited
liberty global,upc romania
liberty global,upc romania
rock band 3,nintendo ds
rock band 3,nintendo ds
rock band 3,nintendo ds
rock band 3,nintendo ds
euro truck simulator 2,microsoft windows
euro truck simulator 2,microsoft windows
euro truck simulator 2,microsoft windows
top gear 3000,super nes
top gear 3000,super nes
top gear 3000,super nes
another game with the same title,sega genesis
another game with the same title,sega genesis
max payne,ios
max payne,ios
max payne,ios
max payne,ios
max payne,ios
didier deschamps,manager
didier deschamps,manager
larry hochman,best orchestrations
larry hochman,best orchestrations
avalon,best costumes
avalon,best costumes
spotlight,best director
spotlight,best director
gyula trebitsch,academy award for best foreign language film
gyula trebitsch,academy award for best foreign language film
emmanuelle riva,best actress
emmanuelle riva,best actress
emmanuelle riva,best actress
rgv500,suzuki
rgv500,suzuki
rgv500,suzuki
celebrity silhouette,meyer werft
celebrity silhouette,meyer werft
"hms ""constance""",pembroke dockyard
"hms ""constance""",pembroke dockyard
holt gas electric tank,holt manufacturing company
holt gas electric tank,holt manufacturing company
empire orwell,blohm & voss
empire orwell,blohm & voss
empire orwell,blohm & voss
the altar,humboldt mountains
the altar,humboldt mountains
the altar,humboldt mountains
the altar,humboldt mountains
phuket chain,tenasserim range
phuket chain,tenasserim range
maschberg,wiehen hills
maschberg,wiehen hills
galyatető,mátra
galyatető,mátra
galyatető,mátra
anti atlas,atlas mountains
anti atlas,atlas mountains
salvator léonardi,mandolin
salvator léonardi,mandolin
curtis lundy,double bass
curtis lundy,double bass
susanne alt,saxophone
susanne alt,saxophone
george lewis,trombone
george lewis,trombone
todd stoll,trumpet
todd stoll,trumpet
ctvglobemedia,thomson family
ctvglobemedia,thomson family
wojciech wierzejski,league of polish families
wojciech wierzejski,league of polish families
pittsburgh international airport,"pittsburgh, pa"
pittsburgh international airport,"pittsburgh, pa"
la nubia airport,manizales
murtala muhammed international airport,ikeja
murtala muhammed international airport,ikeja
murtala muhammed international airport,ikeja
murtala muhammed international airport,ikeja
murtala muhammed international airport,ikeja
buon ma thuot airport,buôn ma thuột
buon ma thuot airport,buôn ma thuột
tan son nhat airport,ho chi minh city
tan son nhat airport,ho chi minh city
1998,wnbl
1998,wnbl
1902,mlb
1902,mlb
2011-12,ofc champions league
2011-12,ofc champions league
mackmyra whisky,swedish
mackmyra whisky,swedish
chicks on speed,munich
chicks on speed,munich
blossoms,stockport
blossoms,stockport
blossoms,stockport
cooperative baptist fellowship,"atlanta, georgia"
cooperative baptist fellowship,"atlanta, georgia"
kroda,dnipropetrovsk
kroda,dnipropetrovsk
mercedes-benz museum,stuttgart
mercedes-benz museum,stuttgart
mercedes-benz museum,stuttgart
mercedes-benz museum,stuttgart
mercedes-benz museum,stuttgart
wilhelm leber,new apostolic church
wilhelm leber,new apostolic church
edward teller,jewish
edward teller,jewish
henrietta szold,jewish
henrietta szold,jewish
henrietta szold,jewish
henrietta szold,jewish
henrietta szold,jewish
vazgen i,armenian apostolic church
vazgen i,armenian apostolic church
charles kingsley,church of england
charles kingsley,church of england
charles kingsley,church of england
seimare,karkhen river
seimare,karkhen river
eyach,neckar
eyach,neckar
eyach,neckar
gregório river,juruá river
gregório river,juruá river
congress of state,san marino
congress of state,san marino
congress of state,san marino
house,georgia
house,georgia
house,georgia
burgomaster,belgian
burgomaster,belgian
burgomaster,belgian
burgomaster,belgian
burgomaster,belgian
government,ceylon
government,ceylon
government,ceylon
government,ceylon
tigo,mic tanzania limited
tigo,mic tanzania limited
liberty global,upc romania
liberty global,upc romania
